Date,Close,High,Low,Open,Volume,20-Day MA,Daily Return,10-Day MA,30-Day MA,Signal,Strategy Return,RSI,Risk Adjusted Return
2024-02-28,1.268166422843933,1.2684237957000732,1.2624667882919312,1.2680699825286863,0,1.2631321132183075,-0.0002282770300114,,,0,,,
2024-02-29,1.2663036584854126,1.2682147026062012,1.2629133462905884,1.2661913633346558,0,1.2630550503730773,-0.0014688642791402,,,0,-0.0,,-0.0
2024-03-01,1.2625465393066406,1.2656145095825195,1.2601124048233032,1.2627220153808594,0,1.2624458849430085,-0.0029669970181289,,,0,-0.0,,-0.0
2024-03-04,1.26603102684021,1.2706642150878906,1.2656785249710083,1.266127347946167,0,1.2626376390457152,0.0027598883883384,,,0,0.0,,0.0
2024-03-05,1.269196629524231,1.2733501195907593,1.2672665119171145,1.269035577774048,0,1.2634251236915588,0.002500414774132,,,0,0.0,,0.0
2024-03-06,1.27048659324646,1.27611243724823,1.269035577774048,1.270502686500549,0,1.263916826248169,0.0010163623919428,,,0,0.0,,0.0
2024-03-07,1.2735446691513062,1.2798854112625122,1.272394061088562,1.2736419439315796,0,1.2644571661949158,0.0024070115506154,,,0,0.0,,0.0
2024-03-08,1.281558394432068,1.2890584468841553,1.2801966667175293,1.2813777923583984,0,1.265432459115982,0.0062924571668947,,,0,0.0,,0.0
2024-03-11,1.2855123281478882,1.2862398624420166,1.279606819152832,1.2856113910675049,0,1.2665217161178588,0.0030852544316348,,,0,0.0,,0.0
2024-03-12,1.2819806337356567,1.2825446128845217,1.274827241897583,1.2818540334701538,0,1.2674830555915833,-0.0027473049732006,1.2725326895713807,,0,-0.0,,-0.0
2024-03-13,1.2795906066894531,1.2809016704559326,1.277612328529358,1.2796560525894165,0,1.2685093224048614,-0.0018643238308827,1.2736751079559325,,0,-0.0,,-0.0
2024-03-14,1.2802129983901978,1.2823472023010254,1.273074507713318,1.2801966667175293,0,1.269678270816803,0.0004863990853722,1.275066041946411,,0,0.0,,0.0
2024-03-15,1.2745835781097412,1.2759170532226562,1.273074507713318,1.2746485471725464,0,1.27041135430336,-0.0043972528692766,1.2762697458267211,,0,-0.0,,-0.0
2024-03-18,1.2731393575668335,1.2748597860336304,1.27226459980011,1.2731878757476809,0,1.2710126399993895,-0.0011330920684303,1.2769805788993835,,0,-0.0,55.89162439129108,-0.0
2024-03-19,1.272718071937561,1.2729123830795288,1.2669775485992432,1.272718071937561,0,1.2717103362083435,-0.0003309029972002,1.2773327231407166,,0,-0.0,55.339213898568644,-0.0
2024-03-20,1.2719409465789795,1.2730096578598022,1.26850426197052,1.271779179573059,0,1.272170490026474,-0.0006106029101939,1.2774781584739685,,0,-0.0,56.78552467320027,-0.0
2024-03-21,1.2798361778259275,1.280393362045288,1.266047120094299,1.2798361778259275,0,1.272971946001053,0.0062072309789091,1.2781073093414306,,0,0.0,68.92590195423402,0.0
2024-03-22,1.2661913633346558,1.2675877809524536,1.257735013961792,1.2661433219909668,0,1.272963124513626,-0.0106613758289366,1.2765706062316895,,0,-0.0,50.143574175008915,-0.0
2024-03-25,1.25979483127594,1.2651821374893188,1.2592713832855225,1.25979483127594,0,1.2725895404815677,-0.0050517893613409,1.2739988565444946,,0,-0.0,42.04160629018646,-0.0
2024-03-26,1.2637910842895508,1.266784906387329,1.2625943422317505,1.2636953592300415,0,1.2723562955856322,0.0031721459037605,1.272179901599884,,0,0.0,44.58070566803803,0.0
2024-03-27,1.2628495693206787,1.2639029026031494,1.2606048583984375,1.262833595275879,0,1.2720904529094696,-0.0007449925708261,1.2705057978630065,,0,-0.0,41.0363493582762,-0.0
2024-03-28,1.261670470237732,1.2649741172790527,1.2586500644683838,1.261710286140442,0,1.2718587934970855,-0.0009336813438365,1.26865154504776,,0,-0.0,31.175132470955248,-0.0
2024-03-29,1.26262629032135,1.2648141384124756,1.26103413105011,1.2624191045761108,0,1.2718627810478211,0.0007575829871313,1.267455816268921,,0,0.0,27.033777867099033,0.0
2024-04-01,1.2637271881103516,1.2643823623657229,1.2540757656097412,1.2638230323791504,0,1.271747589111328,0.0008719110297641,1.2665145993232727,,0,0.0,30.743130227001018,0.0
2024-04-02,1.2545477151870728,1.257861614227295,1.2540757656097412,1.2547523975372314,0,1.2710151433944703,-0.007263809000584,1.2646975636482238,,0,-0.0,26.890913451066737,-0.0
2024-04-03,1.2576876878738403,1.2635515928268433,1.2563602924346924,1.2576559782028198,0,1.270375198125839,0.0025028722692299,1.26327223777771,,0,0.0,30.13699206135614,0.0
2024-04-04,1.2651821374893188,1.268166422843933,1.2645422220230105,1.265390396118164,0,1.26995707154274,0.0059589114910936,1.2618068337440491,,0,0.0,41.973730543687715,0.0
2024-04-05,1.26401948928833,1.265006184577942,1.257576823234558,1.2639667987823486,0,1.269080126285553,-0.0009189571734674,1.2615896463394165,,0,-0.0,42.17650343299969,-0.0
2024-04-08,1.2625305652618408,1.26558256149292,1.2613521814346311,1.26262629032135,0,1.2679310381412503,-0.0011779280613208,1.2618632197380066,,0,-0.0,41.41783175700504,-0.0
2024-04-09,1.2658709287643433,1.2709063291549685,1.2650221586227417,1.265982985496521,0,1.267125552892685,0.0026457684228893,1.2620712041854858,1.2689279317855835,-1,0.0,45.098182672332264,0.0
2024-04-10,1.2677645683288574,1.2705351114273071,1.2534940242767334,1.2677693367004397,0,1.266534250974655,0.0014959183606204,1.2625627040863037,1.268914536635081,-1,-0.0014959183606204,39.20527711685912,-0.0014959183606204
2024-04-11,1.2537612915039062,1.2577667236328125,1.2511699199676514,1.2536983489990234,0,1.2652116656303405,-0.0110456445737476,1.2617717862129212,1.2684964577356974,-1,0.0110456445737476,38.955536583970805,0.0110456445737476
2024-04-12,1.2554770708084106,1.2558870315551758,1.2428845167160034,1.2556346654891968,0,1.264256340265274,0.0013685055649199,1.261056864261627,1.2682608087857565,-1,-0.0013685055649199,45.81548386500487,-0.0013685055649199
2024-04-15,1.2461835145950315,1.249843716621399,1.2443537712097168,1.246012806892395,0,1.262908548116684,-0.0074024101510629,1.2593024969100952,1.2675992250442505,-1,0.0074024101510629,34.524740006244315,0.0074024101510629
2024-04-16,1.2447409629821775,1.2473493814468384,1.2411398887634275,1.244694471359253,0,1.2615096926689149,-0.0011575755865481,1.2583218216896057,1.2667840361595153,-1,0.0011575755865481,34.22332819581811,0.0011575755865481
2024-04-17,1.2431007623672483,1.2481745481491089,1.241773247718811,1.2431007623672483,0,1.2600676834583282,-0.0013177043768203,1.2568631291389465,1.2658711751302083,-1,0.0013177043768203,33.95055368498258,0.0013177043768203
2024-04-18,1.2453765869140625,1.248455047607422,1.2437810897827148,1.2453609704971311,0,1.258344703912735,0.0018307643400363,1.254882574081421,1.2649322390556335,-1,-0.0018307643400363,35.42399071654653,-0.0018307643400363
2024-04-19,1.2437657117843628,1.2468827962875366,1.2392034530639648,1.2436264753341677,0,1.2572234213352202,-0.0012934843537498,1.2528571963310242,1.2636724829673767,-1,0.0012934843537498,33.276673091711814,0.0012934843537498
2024-04-22,1.2375777959823608,1.2392648458480835,1.2301182746887207,1.237623691558838,0,1.2561125695705413,-0.0049751458360469,1.2503619194030762,1.2620746652285257,-1,0.0049751458360469,35.03269898012839,0.0049751458360469
2024-04-23,1.2350252866744995,1.245795488357544,1.2333345413208008,1.235010027885437,0,1.2546742796897887,-0.0020625041239005,1.2472773551940919,1.260509486993154,-1,0.0020625041239005,29.8026866572325,0.0020625041239005
2024-04-24,1.2453300952911377,1.2467273473739624,1.2423903942108154,1.2455006837844849,0,1.2537983059883118,0.0083438037486547,1.2450339078903199,1.2593674699465434,-1,-0.0083438037486547,33.15135462174004,-0.0083438037486547
2024-04-25,1.2459505796432495,1.2523481845855713,1.2455781698226929,1.2459661960601809,0,1.2530123114585876,0.0004982489016027,1.2442528367042542,1.258225389321645,-1,-0.0004982489016027,34.52228024564546,-0.0004982489016027
2024-04-26,1.2509069442749023,1.2541544437408447,1.2450664043426514,1.2507973909378052,0,1.2524263441562653,0.0039779785110514,1.2437958240509033,1.257436168193817,-1,-0.0039779785110514,40.601577681132675,-0.0039779785110514
2024-04-29,1.2510477304458618,1.2554926872253418,1.2508443593978882,1.2510946989059448,0,1.2517923712730408,0.0001125472774803,1.2442822456359863,1.2566997806231182,-1,-0.0001125472774803,37.36053962626256,-0.0001125472774803
2024-04-30,1.2559815645217896,1.2562813758850098,1.2505627870559692,1.2559974193572998,0,1.2518640637397769,0.003943761661411,1.2454063057899476,1.2561418970425924,-1,-0.003943761661411,40.44808745281694,-0.003943761661411
2024-05-01,1.2490164041519165,1.249843716621399,1.2468206882476809,1.2489384412765503,0,1.2514304995536805,-0.0055455912464169,1.2459978699684142,1.255377745628357,-1,0.0055455912464169,45.65809769198383,0.0055455912464169
2024-05-02,1.2539342641830444,1.2547051906585691,1.2472871541976929,1.253714084625244,0,1.2508681058883666,0.0039373862623262,1.2468536376953125,1.2545143485069274,-1,-0.0039373862623262,48.666378137751956,-0.0039373862623262
2024-05-03,1.2540600299835205,1.2629451751708984,1.2529915571212769,1.2539970874786377,0,1.2503701329231265,0.0001002969645764,1.2478830695152283,1.2541099707285563,-1,-0.0001002969645764,58.09093469502731,-0.0001002969645764
2024-05-06,1.2541072368621826,1.2594300508499146,1.2539499998092651,1.2541072368621826,0,1.2499489665031434,3.764323679367188e-05,1.2495360136032105,1.2539203842480977,-1,-3.764323679367188e-05,59.90519654068247,-3.764323679367188e-05
2024-05-07,1.2559815645217896,1.257023572921753,1.2531641721725464,1.2559974193572998,0,1.2494544982910156,0.0014945513465791,1.2516316413879394,1.2536600669225058,-1,-0.0014945513465791,63.554822943794804,-0.0014945513465791
2024-05-08,1.25014066696167,1.2505627870559692,1.2467273473739624,1.2503281831741333,0,1.2485733032226562,-0.0046504644057761,1.2521126985549926,1.253236436843872,-1,0.0046504644057761,54.66346153846153,0.0046504644057761
2024-05-09,1.2493284940719604,1.252065896987915,1.2449114322662354,1.2493597269058228,0,1.248351663351059,-0.0006496652026234,1.2524504899978637,1.2528250376383463,-1,0.0006496652026234,55.531793826165305,0.0006496652026234
2024-05-10,1.2525677680969238,1.2541544437408447,1.2503907680511477,1.252536416053772,0,1.2482061982154846,0.0025928120909222,1.252616572380066,1.2524897535641988,1,-0.0025928120909222,65.83510685186818,-0.0025928120909222
2024-05-13,1.2522854804992676,1.2569130659103394,1.2518621683120728,1.2523481845855713,0,1.2485112965106964,-0.0002253671257126,1.2527403473854064,1.252108363310496,1,-0.0002253671257126,69.1519334604935,-0.0002253671257126
2024-05-14,1.2561867237091064,1.259303092956543,1.2511730194091797,1.2559658288955688,0,1.249083584547043,0.0031152986045031,1.2527608633041383,1.2521629969278971,1,0.0031152986045031,64.04201255689458,0.0031152986045031
2024-05-15,1.2585265636444092,1.2671059370040894,1.2584631443023682,1.2584631443023682,0,1.2498548746109008,0.0018626529727951,1.2537118792533875,1.2521909594535827,1,0.0018626529727951,65.57319453096629,0.0018626529727951
2024-05-16,1.2690032720565796,1.270050883293152,1.2645422220230105,1.2689228057861328,0,1.2510362088680267,0.0083245826626274,1.255218780040741,1.2523183306058248,1,0.0083245826626274,69.71390725036687,0.0083245826626274
2024-05-17,1.2672007083892822,1.2708579301834106,1.2645422220230105,1.2672665119171145,0,1.2522079586982726,-0.0014204562801293,1.2565328478813171,1.2524243712425231,1,-0.0014204562801293,66.98199045005076,-0.0014204562801293
2024-05-20,1.2706480026245115,1.2712942361831665,1.2691482305526731,1.270793318748474,0,1.2538614690303802,0.0027204011269936,1.25818692445755,1.2526949524879456,1,0.0027204011269936,65.91665912001743,0.0027204011269936
2024-05-21,1.2710840702056885,1.27273428440094,1.269293189048767,1.2710517644882202,0,1.2556644082069397,0.0003431851939137,1.25969717502594,1.2528687238693237,1,0.0003431851939137,77.90301915801214,0.0003431851939137
2024-05-22,1.2711325883865356,1.2761287689208984,1.270099401473999,1.2710356712341309,0,1.2569545328617096,3.817070954181823e-05,1.2617963671684265,1.2529809912045797,1,3.817070954181823e-05,74.79990923717975,3.817070954181823e-05
2024-05-23,1.2721028327941897,1.2746973037719729,1.2706156969070437,1.2720866203308103,0,1.2582621455192566,0.0007632912699415,1.2640738010406494,1.2535923759142558,1,0.0007632912699415,75.39905756631956,0.0007632912699415
2024-05-24,1.2694060802459717,1.275136113166809,1.2682790756225586,1.2693737745285034,0,1.25918710231781,-0.0021199171000149,1.2657576322555542,1.2540566762288412,1,-0.0021199171000149,70.0413519979509,-0.0021199171000149
2024-05-27,1.2736095190048218,1.2778997421264648,1.2734473943710327,1.2734473943710327,0,1.260315191745758,0.0033113428588869,1.2678900361061096,1.254970876375834,1,0.0033113428588869,71.7643561092204,0.0033113428588869
2024-05-28,1.2772371768951416,1.279983639717102,1.2763078212738037,1.277269721031189,0,1.2613779723644256,0.0028483281855136,1.2699950814247132,1.2560540835062664,1,0.0028483281855136,85.38875914681572,0.0028483281855136
2024-05-29,1.275835633277893,1.2771717309951782,1.2707126140594482,1.2760001420974731,0,1.2627189338207243,-0.0010973244770838,1.2717259883880616,1.2571452458699544,1,-0.0010973244770838,84.09415689954392,-0.0010973244770838
2024-05-30,1.2697993516921997,1.2747622728347778,1.268182635307312,1.2698252201080322,0,1.2635121881961822,-0.0047312376518163,1.2718055963516235,1.2579593380292258,1,-0.0047312376518163,70.67602708571113,-0.0047312376518163
2024-05-31,1.27304208278656,1.2765523195266724,1.270163893699646,1.2730258703231812,0,1.2644612908363342,0.0025537350369875,1.2723897337913512,1.2589352170626322,1,0.0025537350369875,73.25363056270027,0.0025537350369875
2024-06-03,1.2743724584579468,1.279394030570984,1.269551157951355,1.2744048833847046,0,1.2654745519161223,0.0010450366797574,1.2727621793746948,1.2601617058118184,1,0.0010450366797574,71.61879118543163,0.0010450366797574
2024-06-04,1.2810165882110596,1.2817226648330688,1.2744373083114624,1.2810165882110596,0,1.266726303100586,0.0052136482619473,1.273755431175232,1.2616947491963704,1,0.0052136482619473,74.25359702981476,0.0052136482619473
2024-06-05,1.277302384376526,1.2795250415802002,1.2757705450057983,1.277302384376526,0,1.2680843889713287,-0.0028994189994998,1.274372410774231,1.2627604921658835,1,-0.0028994189994998,60.47820014208159,-0.0028994189994998
2024-06-06,1.2794759273529053,1.281065821647644,1.2765523195266724,1.279394030570984,0,1.269591760635376,0.0017016667337079,1.2751097202301025,1.2638780037562052,1,0.0017016667337079,65.35447160290592,0.0017016667337079
2024-06-07,1.2793285846710205,1.281082272529602,1.2717468738555908,1.2794268131256104,0,1.2709298014640809,-0.0001151586198183,1.2761019706726073,1.2648253917694092,1,-0.0001151586198183,61.83516776429157,-0.0001151586198183
2024-06-10,1.2729448080062866,1.273236632347107,1.2689067125320437,1.2728703022003174,0,1.271962767839432,-0.0049899429601,1.2760354995727539,1.2655552943547568,1,-0.0049899429601,52.1829120597885,-0.0049899429601
2024-06-11,1.2726370096206665,1.274941086769104,1.270761013031006,1.2725884914398191,0,1.27278528213501,-0.0002418002600617,1.2755754828453063,1.2661104758580526,1,-0.0002418002600617,51.75422989029808,-0.0002418002600617
2024-06-12,1.274047613143921,1.2860082387924194,1.273359775543213,1.273836612701416,0,1.2735613346099854,0.0011084099492555,1.2753966808319093,1.2669448494911193,1,0.0011084099492555,52.24465871941328,0.0011084099492555
2024-06-13,1.27962327003479,1.2806065082550049,1.2752825021743774,1.2796725034713743,0,1.274092334508896,0.0043763332181208,1.2763790726661681,1.2678011496861776,1,0.0043763332181208,61.0577841082092,0.0043763332181208
2024-06-14,1.2755101919174194,1.276487112045288,1.265806794166565,1.2754452228546145,0,1.2745078086853028,-0.0032142883094481,1.276625883579254,1.2685161550839743,1,-0.0032142883094481,52.06107738606163,-0.0032142883094481
2024-06-17,1.2683112621307373,1.269083857536316,1.265982985496521,1.268391728401184,0,1.274390971660614,-0.0056439610065838,1.2760197639465332,1.268989622592926,1,-0.0056439610065838,41.01659044117992,-0.0056439610065838
2024-06-18,1.2715997695922852,1.2720379829406738,1.2669453620910645,1.2714234590530396,0,1.2744167566299438,0.0025928236701322,1.2750780820846557,1.2695102294286091,1,0.0025928236701322,45.89285095070215,0.0025928236701322
2024-06-19,1.2707449197769165,1.2739989757537842,1.270244598388672,1.270825743675232,0,1.274397373199463,-0.0006722632669575,1.2744223356246949,1.270197037855784,1,-0.0006722632669575,51.019249055537,-0.0006722632669575
2024-06-20,1.2721998691558838,1.2720866203308103,1.2667046785354614,1.2720866203308103,0,1.2744022250175475,0.001144957856076,1.2736947298049928,1.2709594170252483,1,0.001144957856076,49.05576657320113,0.001144957856076
2024-06-21,1.266047120094299,1.2669775485992432,1.2625625133514404,1.266047120094299,0,1.274234277009964,-0.0048363069441808,1.2723665833473206,1.271408728758494,1,-0.0048363069441808,41.57697447451043,-0.0048363069441808
2024-06-24,1.2639029026031494,1.269841194152832,1.2633600234985352,1.2639667987823486,0,1.2737489461898803,-0.0016936316643492,1.2714623928070068,1.2717959761619568,-1,-0.0016936316643492,30.951016140417735,-0.0016936316643492
2024-06-25,1.268343448638916,1.270244598388672,1.267154097557068,1.2683112621307373,0,1.2733042597770692,0.0035133601059234,1.2710330367088318,1.2722012003262837,-1,-0.0035133601059234,40.186623001167085,-0.0035133601059234
2024-06-26,1.268399715423584,1.269196629524231,1.2620844841003418,1.2684721946716309,0,1.2729324638843535,4.436241991734313e-05,1.270468246936798,1.2725303053855896,-1,-4.436241991734313e-05,37.27728330822949,-4.436241991734313e-05
2024-06-27,1.262179970741272,1.2669453620910645,1.2613521814346311,1.262148141860962,0,1.2725514948368073,-0.0049036156399916,1.2687239170074462,1.2723028620084127,-1,0.0049036156399916,32.7136742379635,0.0049036156399916
2024-06-28,1.26457417011261,1.266175389289856,1.2620208263397217,1.2643823623657229,0,1.2721280992031097,0.0018968763780429,1.2676303148269654,1.2722153107325236,-1,-0.0018968763780429,40.82410316186761,-0.0018968763780429
2024-07-01,1.2648621797561646,1.269534945487976,1.2637431621551514,1.2650221586227417,0,1.2716525852680207,0.0002277522745297,1.267285406589508,1.2720224499702453,-1,-0.0002277522745297,41.473528981111556,-0.0002277522745297
2024-07-02,1.26457417011261,1.2685364484786987,1.261638641357422,1.2646220922470093,0,1.270830464363098,-0.0002277004152422,1.2665828466415405,1.2718054533004761,-1,0.0002277004152422,39.348432737596,0.0002277004152422
2024-07-03,1.269035577774048,1.2777103185653689,1.267909288406372,1.268810153007507,0,1.2704171240329742,0.003527992083723,1.2664119124412536,1.2717355529467265,-1,-0.003527992083723,37.78966818076853,-0.003527992083723
2024-07-04,1.2747784852981567,1.2767316102981567,1.274047613143921,1.2747784852981567,0,1.2701822519302368,0.0045254109693144,1.2666697740554809,1.2718247413635253,-1,-0.0045254109693144,49.186726873787634,-0.0045254109693144
2024-07-05,1.2755752801895142,1.2813777923583984,1.2756078243255615,1.2756078243255615,0,1.2699945867061615,0.000625045763281,1.2676225900650024,1.2720303813616434,-1,-0.000625045763281,59.41345675541244,-0.000625045763281
2024-07-08,1.2806508541107178,1.28468656539917,1.2802459001541138,1.2807377576828003,0,1.270379889011383,0.0039790469445672,1.2692973852157592,1.27226509253184,-1,-0.0039790469445672,61.21009892219118,-0.0039790469445672
2024-07-09,1.281558394432068,1.2824623584747314,1.2779226303100586,1.281469702720642,0,1.2708259582519532,0.0007086555390465,1.2706188797950744,1.2724091331164042,-1,-0.0007086555390465,63.375426138039586,-0.0007086555390465
2024-07-10,1.2787723541259766,1.2847524881362915,1.2785271406173706,1.2788705825805664,0,1.271062195301056,-0.0021739472178526,1.2716561436653138,1.2725070238113403,-1,0.0021739472178526,57.87048404319101,0.0021739472178526
2024-07-11,1.285264492034912,1.2948671579360962,1.2850496768951416,1.2854297161102295,0,1.271344256401062,0.0050768519416208,1.2739645957946777,1.2730225284894308,1,-0.0050768519416208,72.82706277169719,-0.0050768519416208
2024-07-12,1.292373776435852,1.2992074489593506,1.2903226613998413,1.2925240993499756,0,1.2721874356269836,0.0055313785178052,1.276744556427002,1.2736669182777405,1,0.0055313785178052,80.25053514205013,0.0055313785178052
2024-07-15,1.2966804504394531,1.299545168876648,1.2962770462036133,1.2967814207077026,0,1.2736058950424194,0.0033323749538451,1.2799263834953307,1.2744105180104575,1,0.0033323749538451,80.19419152914398,0.0033323749538451
2024-07-16,1.2970000505447388,1.2980270385742188,1.2940125465393066,1.2970000505447388,0,1.274875909090042,0.0002464756102225,1.2831689715385437,1.2749433000882466,1,0.0002464756102225,80.30471830861381,0.0002464756102225
2024-07-17,1.29776930809021,1.3044612407684326,1.2966804504394531,1.297808051109314,0,1.2762271285057067,0.0005931052548133,1.2860423445701599,1.2756255308787028,1,0.0005931052548133,92.63478988572457,0.0005931052548133
2024-07-18,1.3007453680038452,1.3012869358062744,1.2969664335250854,1.3008638620376587,0,1.2776544034481048,0.0022932118174492,1.2886390328407287,1.2763345122337342,1,0.0022932118174492,92.73605633802813,0.0022932118174492
2024-07-19,1.2951691150665283,1.294967770576477,1.2901561260223389,1.294967770576477,0,1.2791105031967165,-0.0042869673607789,1.29059841632843,1.2768625299135843,1,-0.0042869673607789,81.82997338247851,-0.0042869673607789
2024-07-22,1.2933096885681152,1.2941465377807615,1.2906723022460938,1.2932428121566772,0,1.2805808424949645,-0.0014356630935548,1.2918642997741698,1.2775413592656453,1,-0.0014356630935548,79.21525756102965,-0.0014356630935548
2024-07-23,1.2932428121566772,1.2934937477111816,1.2888591289520264,1.293326497077942,0,1.2818258106708529,-5.170951089994436e-05,1.293032741546631,1.278228219350179,1,-5.170951089994436e-05,77.02639753619408,-5.170951089994436e-05
2024-07-24,1.2901561260223389,1.2938284873962402,1.2878466844558716,1.2903226613998413,0,1.2829136312007905,-0.0023867800426362,1.294171118736267,1.2787651697794595,1,-0.0023867800426362,68.25100382855523,-0.0023867800426362
2024-07-25,1.289989709854126,1.2913390398025513,1.2862894535064695,1.2898398637771606,0,1.2843041181564332,-0.0001289891702688,1.2946436405181885,1.2791107177734375,1,-0.0001289891702688,67.36769230327263,-0.0001289891702688
2024-07-26,1.2856775522232056,1.2874983549118042,1.2850496768951416,1.2855618000030518,0,1.2853592872619628,-0.0033427845183416,1.293974018096924,1.2794496297836304,1,-0.0033427845183416,56.170088234002954,-0.0033427845183416
2024-07-29,1.2868356704711914,1.2888425588607788,1.2807048559188845,1.286719799041748,0,1.2864579617977143,0.000900784373176,1.2929895401000977,1.2800671100616454,1,0.000900784373176,56.43805972536887,0.000900784373176
2024-07-30,1.286041259765625,1.2865046262741089,1.2821005582809448,1.2857933044433594,0,1.287531316280365,-0.00061733655959,1.2918936610221863,1.2805484930674236,1,-0.00061733655959,59.320697034546015,-0.00061733655959
2024-07-31,1.2836971282958984,1.2854461669921875,1.282248616218567,1.283812403678894,0,1.2882643938064575,-0.0018227498160935,1.2904864430427552,1.2809802333513896,1,-0.0018227498160935,47.75097159122011,-0.0018227498160935
2024-08-01,1.2853139638900757,1.286173701286316,1.2756078243255615,1.2853471040725708,0,1.2887911677360535,0.0012595148485869,1.2889433026313781,1.2814173698425293,1,0.0012595148485869,37.974251715875404,0.0012595148485869
2024-08-02,1.27289617061615,1.2840267419815063,1.2708903551101685,1.2728476524353027,0,1.2886572122573852,-0.0096612918110238,1.2867160081863402,1.281645671526591,1,-0.0096612918110238,18.257172949460823,-0.0096612918110238
2024-08-05,1.278788685798645,1.2816240787506104,1.2711488008499146,1.278821349143982,0,1.2885641038417817,0.0046292190349215,1.2852639079093933,1.2821418642997742,1,0.0046292190349215,28.842169408897007,0.0046292190349215
2024-08-06,1.2788705825805664,1.2801638841629028,1.2673146724700928,1.278788685798645,0,1.2884297132492066,6.404246677416126e-05,1.2838266849517823,1.2824927687644958,1,6.404246677416126e-05,27.68723223383833,6.404246677416126e-05
2024-08-07,1.2684721946716309,1.273577094078064,1.2683273553848269,1.2683273553848269,0,1.2879147052764892,-0.0081309149264761,1.2816582918167114,1.2824951847394308,-1,-0.0081309149264761,17.57892493000284,-0.0081309149264761
2024-08-08,1.2680377960205078,1.274209976196289,1.2666244506835938,1.2684882879257202,0,1.287053370475769,-0.0003424581578909,1.2794631004333497,1.282690445582072,-1,0.0003424581578909,19.60420317107568,0.0003424581578909
2024-08-09,1.2747459411621094,1.2774165868759155,1.272718071937561,1.27459979057312,0,1.286171978712082,0.0052901775977449,1.27836993932724,1.2830295046170552,-1,-0.0052901775977449,31.24069407167191,-0.0052901775977449
2024-08-12,1.2750385999679563,1.2794595956802368,1.2748922109603882,1.2749898433685305,0,1.2850898861885072,0.0002295820652546,1.2771902322769164,1.283368718624115,-1,-0.0002295820652546,31.68758034497945,-0.0002295820652546
2024-08-13,1.2771228551864624,1.2836146354675293,1.276519775390625,1.2772371768951416,0,1.2840960264205932,0.0016346604867949,1.2762983918190003,1.2837870081265768,-1,-0.0016346604867949,36.619401140149265,-0.0016346604867949
2024-08-14,1.2866700887680054,1.286885380744934,1.2823965549468994,1.2866203784942627,0,1.283541065454483,0.0074755796145775,1.276595687866211,1.2843748251597087,-1,-0.0074755796145775,47.14234404342874,-0.0074755796145775
2024-08-15,1.2828736305236816,1.2870675325393677,1.279983639717102,1.2825281620025637,0,1.282647478580475,-0.0029506073681706,1.2763516545295714,1.2846446633338928,-1,0.0029506073681706,47.56465503852693,0.0029506073681706
2024-08-16,1.2859420776367188,1.2914557456970217,1.2858428955078125,1.2859750986099243,0,1.2821861267089845,0.0023918545365879,1.2776562452316285,1.2849902232487997,-1,-0.0023918545365879,49.24879843827039,-0.0023918545365879
2024-08-19,1.294716238975525,1.2997479438781738,1.2941633462905884,1.2948336601257324,0,1.2822564542293549,0.0068231388422494,1.2792490005493165,1.2854590694109598,-1,-0.0068231388422494,56.429976337446746,-0.0068231388422494
2024-08-20,1.299038648605347,1.3044441938400269,1.297555446624756,1.29902184009552,0,1.2825462460517882,0.003338499587556,1.2812658071517944,1.2860417445500691,-1,-0.003338499587556,61.04730216938969,-0.003338499587556
2024-08-21,1.3035430908203125,1.3078734874725342,1.301168441772461,1.303508996963501,0,1.283215594291687,0.0034675197845743,1.2847728967666625,1.2868674357732137,-1,-0.0034675197845743,62.602543963895954,-0.0034675197845743
2024-08-22,1.309346079826355,1.3129045963287354,1.308215618133545,1.3092947006225586,0,1.2841834127902985,0.0044517047782368,1.2889037251472473,1.2876701553662617,1,-0.0044517047782368,77.73611126229586,-0.0044517047782368
2024-08-23,1.3097747564315796,1.3229963779449463,1.3092775344848633,1.3097577095031738,0,1.2853882730007171,0.000327397478657,1.2924066066741944,1.2882501880327861,1,0.000327397478657,75.71690332589321,0.000327397478657
2024-08-26,1.3212658166885376,1.3222440481185913,1.318252444267273,1.3214752674102783,0,1.2871097803115843,0.0087733102203502,1.2970293283462524,1.289069700241089,1,0.0087733102203502,79.58341305161585,0.0087733102203502
2024-08-27,1.3191741704940796,1.324591040611267,1.3180805444717407,1.3192107677459717,0,1.2887664258480072,-0.0015830623694634,1.3012344598770142,1.2898088375727335,1,-0.0015830623694634,90.01925128859432,-0.0015830623694634
2024-08-28,1.3257501125335691,1.326259970664978,1.3192611932754517,1.325644612312317,0,1.2908690750598908,0.0049848929630169,1.3051424622535706,1.2907415310541788,1,0.0049848929630169,91.52650828941587,0.0049848929630169
2024-08-29,1.319365620613098,1.3227006196975708,1.3146650791168213,1.3194527626037598,0,1.2925716578960418,-0.0048157581584286,1.3087916612625121,1.291362206141154,1,-0.0048157581584286,82.25602683226553,-0.0048157581584286
2024-08-30,1.3166210651397705,1.32013201713562,1.3126460313796997,1.316516995429993,0,1.294757902622223,-0.0020802084202043,1.3118595600128173,1.2920772711435953,1,-0.0020802084202043,79.03123517515192,-0.0020802084202043
2024-09-02,1.3128528594970703,1.3154432773590088,1.3120776414871216,1.3130769729614258,0,1.2964611113071445,-0.0028620274598903,1.3136732220649718,1.2927287101745606,1,-0.0028620274598903,74.37220580558196,-0.0028620274598903
2024-09-03,1.314198613166809,1.3147515058517456,1.3090033531188965,1.3141123056411743,0,1.2982275128364562,0.0010250605465826,1.3151892185211183,1.2934272368748982,1,0.0010250605465826,71.14350695487222,0.0010250605465826
2024-09-04,1.3114066123962402,1.317488431930542,1.3102381229400637,1.3113549947738647,0,1.300374233722687,-0.0021244892077926,1.3159755706787108,1.294135586420695,1,-0.0021244892077926,72.2584280947653,-0.0021244892077926
2024-09-05,1.3144749402999878,1.3188087940216064,1.3138878345489502,1.3144749402999878,0,1.3026960909366607,0.0023397227638961,1.3164884567260742,1.2949517607688903,1,0.0023397227638961,72.2583764983774,0.0023397227638961
2024-09-06,1.317748785018921,1.3234341144561768,1.3129907846450806,1.3177313804626465,0,1.3048462331295014,0.0024906102190018,1.3172858595848083,1.296020801862081,1,0.0024906102190018,69.65423935710305,0.0024906102190018
2024-09-09,1.3133355379104614,1.314388632774353,1.3071553707122805,1.313232183456421,0,1.3067610800266265,-0.0033490807645829,1.3164928317070008,1.2969041307767233,1,-0.0033490807645829,62.18100417033149,-0.0033490807645829
2024-09-10,1.307138204574585,1.310753345489502,1.304988980293274,1.3069844245910645,0,1.3082618474960328,-0.0047187738068342,1.3152892351150514,1.2976073622703552,1,-0.0047187738068342,52.97716826459859,-0.0047187738068342
2024-09-11,1.3080273866653442,1.3111659288406372,1.3003225326538086,1.308215618133545,0,1.3093297123908996,0.0006802510152694,1.3135169625282288,1.29841837088267,1,0.0006802510152694,48.81122277912944,0.0006802510152694
2024-09-12,1.3039510250091553,1.3083868026733398,1.3032711744308472,1.3039170503616333,0,1.3103835821151733,-0.0031164191956111,1.3119755029678344,1.299039606253306,1,-0.0031164191956111,45.073981531338006,-0.0031164191956111
2024-09-13,1.313232183456421,1.3156856298446655,1.3116475343704224,1.313318371772766,0,1.3117480874061584,0.0071177201208154,1.3116366147994996,1.3003841400146485,1,0.0071177201208154,42.94082278679899,0.0071177201208154
2024-09-16,1.3137997388839722,1.3213878870010376,1.3135944604873655,1.3135944604873655,0,1.3127022624015807,0.0004321820883625,1.3117313027381896,1.3015511751174926,1,0.0004321820883625,45.14749948336429,0.0004321820883625
2024-09-17,1.3210737705230713,1.323031306266785,1.3159972429275513,1.3210737705230713,0,1.313804018497467,0.0055366365388975,1.312418818473816,1.3029579480489095,1,0.0055366365388975,45.83035714285733,0.0055366365388975
2024-09-18,1.3167423009872437,1.3252933025360107,1.3156163692474363,1.316759705543518,0,1.3144639790058137,-0.0032787491754624,1.3129523873329163,1.3045669515927634,1,-0.0032787491754624,47.57203571223689,-0.0032787491754624
2024-09-19,1.3201146125793457,1.3311856985092163,1.3155124187469482,1.3203411102294922,0,1.315002405643463,0.0025611021910465,1.3135163545608521,1.3063028454780579,1,0.0025611021910465,53.1962464335884,0.0025611021910465
2024-09-20,1.328179955482483,1.334133863449097,1.3270519971847534,1.328303575515747,0,1.3159226655960083,0.0061095777792947,1.3145594716072082,1.3080839792887369,1,0.0061095777792947,63.000539949159844,0.0061095777792947
2024-09-23,1.331398367881775,1.336023211479187,1.3251352310180664,1.3312742710113523,0,1.3164292931556705,0.0024231749515621,1.3163657546043397,1.3099626382191976,1,0.0024231749515621,64.13974911799295,0.0024231749515621
2024-09-24,1.334988713264465,1.339925765991211,1.3333333730697632,1.3349709510803225,0,1.3172200202941895,0.0026966725131281,1.3191508054733276,1.311891500155131,1,0.0026966725131281,69.13543704064821,0.0026966725131281
2024-09-25,1.3427324295043943,1.3429667949676514,1.3336889743804932,1.3427324295043943,0,1.3180691361427308,0.0058005855502654,1.3226213097572326,1.313760244846344,1,0.0058005855502654,71.3121519392501,0.0058005855502654
2024-09-26,1.3315792083740234,1.3432915210723877,1.331416130065918,1.331487059593201,0,1.318679815530777,-0.0083063616289418,1.3253841280937195,1.3153837641080222,1,-0.0083063616289418,59.32299819676194,-0.0083063616289418
2024-09-27,1.341381549835205,1.342822551727295,1.3361660242080688,1.3412017822265625,0,1.3199178397655489,0.0073614407611179,1.328199064731598,1.3172317465146384,1,0.0073614407611179,67.62508221946877,0.0073614407611179
2024-09-30,1.338329792022705,1.3424620628356934,1.336308836936951,1.338329792022705,0,1.3211916863918305,-0.0022750855734335,1.3306520700454711,1.318685531616211,1,-0.0022750855734335,70.40874586995398,-0.0022750855734335
2024-10-01,1.3376137018203735,1.339046597480774,1.326470971107483,1.3377926349639893,0,1.3223624408245087,-0.0005350625881601,1.3323060631752015,1.3199713667233786,1,-0.0005350625881601,69.40235966615707,-0.0005350625881601
2024-10-02,1.327404260635376,1.3305480480194092,1.3248717784881592,1.3274747133255005,0,1.3231623232364655,-0.0076325782033358,1.3333722591400146,1.3207667390505473,1,-0.0076325782033358,64.23527198529739,-0.0076325782033358
2024-10-03,1.326611876487732,1.3265414237976074,1.309431791305542,1.3263479471206665,0,1.3237691700458527,-0.000596942597777,1.3340219855308533,1.3213422656059266,1,-0.000596942597777,59.05398494081362,-0.000596942597777
2024-10-04,1.3130252361297607,1.3175230026245115,1.3073091506958008,1.313042402267456,0,1.3235329926013946,-0.0102416091690227,1.3325065135955811,1.3214506149291991,1,-0.0102416091690227,49.5544097455122,-0.0102416091690227
2024-10-07,1.3125253915786743,1.313404560089111,1.3060115575790403,1.312404751777649,0,1.3234924852848051,-0.0003806816025561,1.330619215965271,1.321159267425537,1,-0.0003806816025561,44.66615194426714,-0.0003806816025561
2024-10-08,1.3084723949432373,1.31137216091156,1.3065404891967771,1.3086093664169312,0,1.323559194803238,-0.0030879376973896,1.3279675841331482,1.3208025415738425,1,-0.0030879376973896,44.82191347289251,-0.0030879376973896
2024-10-09,1.309483289718628,1.3103755712509155,1.305841088294983,1.309414625167847,0,1.323631989955902,0.0007725763105872,1.3246426701545715,1.3202603141466775,1,0.0007725763105872,43.140500444572936,0.0007725763105872
2024-10-10,1.306830883026123,1.309346079826355,1.3027619123458862,1.306711196899414,0,1.3237759828567506,-0.0020255368765147,1.3221678376197814,1.3198424895604453,1,-0.0020255368765147,35.19081128908212,-0.0020255368765147
2024-10-11,1.3062163591384888,1.308215618133545,1.3043251037597656,1.306165099143982,0,1.323425191640854,-0.000470239795842,1.3186513185501099,1.3194956660270691,-1,-0.000470239795842,31.877346382709916,-0.000470239795842
2024-10-14,1.3049037456512451,1.3072236776351929,1.303152322769165,1.3049379587173462,0,1.3229803919792176,-0.001004897449079,1.3153087139129638,1.3192306955655415,-1,0.001004897449079,27.61497591825521,0.001004897449079
2024-10-15,1.3067454099655151,1.310186743736267,1.3036279678344729,1.3068478107452393,0,1.3222639739513398,0.0014113411202991,1.312221884727478,1.3189822554588317,-1,-0.0014113411202991,20.645280486974855,-0.0014113411202991
2024-10-16,1.3065917491912842,1.3077365159988403,1.2983640432357788,1.306557536125183,0,1.3217564463615417,-0.0001175904449781,1.3101406335830688,1.3188217600186667,-1,0.0001175904449781,25.16021842796333,0.0001175904449781
2024-10-17,1.29902184009552,1.302032470703125,1.2975890636444092,1.2991737127304075,0,1.3207018077373505,-0.0057936299540002,1.3073816299438477,1.3183066566785178,-1,0.0057936299540002,5.934815983253841,0.0057936299540002
2024-10-18,1.301574945449829,1.3068649768829346,1.301236271858215,1.301608681678772,0,1.319371557235718,0.0019654060274469,1.3062366008758546,1.3177675286928812,-1,-0.0019654060274469,11.364513525841204,-0.0019654060274469
2024-10-21,1.3052616119384766,1.3053126335144043,1.2979763746261597,1.3051422834396362,0,1.3180647194385529,0.0028324657765852,1.3055102229118347,1.3174983978271484,-1,-0.0028324657765852,17.991522245260455,-0.0028324657765852
2024-10-22,1.298296570777893,1.3015241622924805,1.2946492433547974,1.2983134984970093,0,1.3162301123142242,-0.0053361265641143,1.3044926404953003,1.3172036767005921,-1,0.0053361265641143,19.225795718358427,0.0053361265641143
2024-10-23,1.2982797622680664,1.2996126413345337,1.2937614917755127,1.2981956005096436,0,1.314007478952408,-1.294658724748654e-05,1.303372287750244,1.3168787558873494,-1,1.294658724748654e-05,19.546348001465873,1.294658724748654e-05
2024-10-24,1.291372299194336,1.2986844778060913,1.2912222146987915,1.29163920879364,0,1.3119971334934235,-0.0053204735023083,1.3018264293670654,1.3164594650268555,-1,0.0053204735023083,22.82349139091872,0.0053204735023083
2024-10-25,1.2973365783691406,1.2999167442321775,1.295706033706665,1.2974039316177368,0,1.3097948849201202,0.0046185590154952,1.3009384512901305,1.315929611523946,-1,-0.0046185590154952,33.23605800732065,-0.0046185590154952
2024-10-28,1.295823574066162,1.3000857830047607,1.294062852859497,1.295823574066162,0,1.307669574022293,-0.0011662388374807,1.3000304341316222,1.315330406030019,-1,0.0011662388374807,35.21022318615944,0.0011662388374807
2024-10-29,1.2974711656570437,1.3007622957229614,1.2958402633666992,1.297555446624756,0,1.3056624472141265,0.0012714628934487,1.2991030097007752,1.314543652534485,-1,-0.0012714628934487,36.160744942385406,-0.0012714628934487
2024-10-30,1.3014055490493774,1.3039339780807495,1.2939456701278689,1.301168441772461,0,1.3043625116348267,0.0030323474590217,1.2985843896865845,1.3140324274698894,-1,-0.0030323474590217,43.928774389088844,-0.0030323474590217
2024-10-31,1.2959579229354858,1.2998830080032349,1.2847524881362915,1.295873999595642,0,1.3028298139572143,-0.0041859558059137,1.298277997970581,1.3132272044817606,-1,0.0041859558059137,39.640834761840566,0.0041859558059137
2024-11-01,1.2897733449935913,1.2979259490966797,1.2885435819625854,1.2894740104675293,0,1.301667219400406,-0.004772205819681,1.2970978379249574,1.311946984132131,-1,0.004772205819681,36.08974597837452,0.004772205819681
2024-11-04,1.2953401803970337,1.3000519275665283,1.2936275005340576,1.295303225517273,0,1.300807958841324,0.0043161346333064,1.296105694770813,1.3107450445493063,-1,-0.0043161346333064,40.18667815455311,-0.0043161346333064
2024-11-05,1.2954542636871338,1.3021341562271118,1.2948838472366333,1.2953367233276367,0,1.3001570522785186,8.807206927308187e-05,1.2958214640617371,1.309427229563395,-1,-8.807206927308187e-05,40.410520222195764,-8.807206927308187e-05
2024-11-06,1.3043591976165771,1.3043761253356934,1.2836312055587769,1.3040530681610107,0,1.2999008476734162,0.00687398558101,1.296429407596588,1.3081481218338014,-1,-0.00687398558101,54.49224119421195,-0.00687398558101
2024-11-07,1.2883278131484983,1.3009145259857178,1.287747144699097,1.2883278131484983,0,1.298975694179535,-0.0122906209404375,1.2961249589920043,1.3067064086596172,-1,0.0122906209404375,40.91226543626838,0.0122906209404375
2024-11-08,1.2982292175292969,1.2985326051712036,1.2903226613998413,1.2983640432357788,0,1.2985763370990753,0.0076854697071242,1.29621422290802,1.3052679975827535,-1,-0.0076854697071242,45.55471158976031,-0.0076854697071242
2024-11-11,1.2917059659957886,1.292657732963562,1.2856611013412476,1.2915725708007812,0,1.2979164481163026,-0.0050247301827969,1.2958024621009827,1.303713870048523,-1,0.0050247301827969,45.81057487708921,0.0050247301827969
2024-11-12,1.2874983549118042,1.2874155044555664,1.273123025894165,1.2874155044555664,0,1.296954095363617,-0.0032574062478225,1.2948051810264587,1.302043358484904,-1,0.0032574062478225,43.493294080574664,0.0032574062478225
2024-11-13,1.2739177942276,1.276242733001709,1.2689549922943115,1.273739218711853,0,1.2953203976154328,-0.0105480217760234,1.292056405544281,1.3002604762713115,-1,0.0105480217760234,40.251224764002444,0.0105480217760234
2024-11-14,1.27068030834198,1.2720379829406738,1.2631398439407349,1.2707772254943848,0,1.2939033210277555,-0.002541361695621,1.2895286440849305,1.2983960906664531,-1,0.002541361695621,34.64407412850396,0.002541361695621
2024-11-15,1.266784906387329,1.269841194152832,1.2616068124771118,1.266640543937683,0,1.2921638190746307,-0.003065603463812,1.287229800224304,1.2968547463417053,-1,0.003065603463812,33.718545808424935,0.003065603463812
2024-11-18,1.261765956878662,1.2662235498428345,1.2614953517913818,1.2619729042053225,0,1.28998903632164,-0.0039619587219271,1.283872377872467,1.2951627651850381,-1,0.0039619587219271,30.709999188513407,0.0039619587219271
2024-11-19,1.2679253816604614,1.2688745260238647,1.261479377746582,1.2679253816604614,0,1.2884704768657684,0.0048815905582335,1.2811194896697997,1.2938111980756124,-1,-0.0048815905582335,32.33675212385137,-0.0048815905582335
2024-11-20,1.2694543600082395,1.2714558839797974,1.2633121013641355,1.2694865465164185,0,1.287029206752777,0.0012058898495872,1.277629005908966,1.2924769004185994,-1,-0.0012058898495872,35.41434318358941,-0.0012058898495872
2024-11-21,1.2655344009399414,1.2661433219909668,1.2581623792648315,1.2655985355377195,0,1.2857373118400577,-0.0030879086257759,1.2753496646881104,1.2911003510157266,-1,0.0030879086257759,36.31963442055362,0.0030879086257759
2024-11-22,1.2584789991378784,1.2594457864761353,1.248860478401184,1.25854229927063,0,1.2837944328784945,-0.005575037546844,1.2713746428489685,1.289509105682373,-1,0.005575037546844,29.53948726635575,0.005575037546844
2024-11-25,1.2593823671340942,1.2612725496292114,1.2542331218719482,1.2589067220687866,0,1.2819723725318908,0.0007178252452639,1.268142282962799,1.287991726398468,-1,-0.0007178252452639,30.151510579765088,-0.0007178252452639
2024-11-26,1.2533055543899536,1.261654496192932,1.2508755922317505,1.25305438041687,0,1.2797640919685365,-0.0048252325129573,1.264723002910614,1.2862103978792827,-1,0.0048252325129573,21.0054256207915,0.0048252325129573
2024-11-27,1.2573871612548828,1.269293189048767,1.2567708492279053,1.2575452327728271,0,1.2775631725788117,0.0032566734030918,1.2630699396133422,1.2845702449480692,-1,-0.0032566734030918,29.66844276356717,-0.0032566734030918
2024-11-28,1.2677645683288574,1.2691482305526731,1.26457417011261,1.2674914598464966,0,1.2761535048484802,0.008253151768798,1.26277836561203,1.2835283358891805,-1,-0.008253151768798,30.105685335458972,-0.008253151768798
2024-11-29,1.2696800231933594,1.2748761177062988,1.2673628330230713,1.2696478366851809,0,1.2751488387584686,0.0015108916216415,1.2630678772926331,1.2824651718139648,-1,-0.0015108916216415,34.69536852812388,-0.0015108916216415
2024-12-02,1.270163893699646,1.2722160816192627,1.2619411945343018,1.2705672979354858,0,1.273890024423599,0.0003810964159849,1.2639076709747314,1.2812952478726705,-1,-0.0003810964159849,37.29791018074954,-0.0003810964159849
2024-12-03,1.265854835510254,1.2696800231933594,1.264030694961548,1.265806794166565,0,1.2724100530147553,-0.0033925213988259,1.2637006163597106,1.2802138566970824,-1,0.0033925213988259,43.16271716209845,0.0033925213988259
2024-12-04,1.2674272060394287,1.2717468738555908,1.2635835409164429,1.2674272060394287,0,1.2705634534358978,0.0012421412669652,1.2634979009628295,1.2791854381561278,-1,-0.0012421412669652,47.161245893590134,-0.0012421412669652
2024-12-05,1.2701154947280884,1.2770249843597412,1.269357681274414,1.2701315879821775,0,1.2696528375148772,0.002121059636285,1.2639560103416443,1.278476878007253,-1,-0.002121059636285,52.968917698315735,-0.002121059636285
2024-12-06,1.2759333848953247,1.2809674739837646,1.2731555700302124,1.2759333848953247,0,1.2685380458831788,0.0045805993166643,1.265701448917389,1.2777634382247924,-1,-0.0045805993166643,62.45162155536054,-0.0045805993166643
2024-12-09,1.2749296426773071,1.2798033952713013,1.271779179573059,1.2746647596359253,0,1.267699229717255,-0.000786672901501,1.2672561764717103,1.2770669738451639,-1,0.000786672901501,56.769467576697494,0.000786672901501
2024-12-10,1.2749085426330566,1.276650071144104,1.2725237607955933,1.274843454360962,0,1.2670697391033172,-1.654996757793903e-05,1.2694164752960204,1.2763148864110312,-1,1.654996757793903e-05,55.42960489308855,1.654996757793903e-05
2024-12-11,1.2780042886734009,1.2782166004180908,1.2714719772338867,1.2780369520187378,0,1.2672740638256073,0.0024282102886774,1.2714781880378723,1.2755348443984986,-1,-0.0024282102886774,62.6208028184308,-0.0024282102886774
2024-12-12,1.2766337394714355,1.2787723541259766,1.267330765724182,1.276650071144104,0,1.26757173538208,-0.0010724136171623,1.27236510515213,1.274890704949697,-1,0.0010724136171623,70.7638106820605,0.0010724136171623
2024-12-13,1.2677323818206787,1.2679253816604614,1.2609069347381592,1.2675557136535645,0,1.2676191091537476,-0.0069725226394551,1.2721703410148621,1.2741560061772665,-1,0.0069725226394551,58.07306733914375,0.0069725226394551
2024-12-16,1.2627378702163696,1.2696800231933594,1.262817621231079,1.2629451751708984,0,1.2676677048206328,-0.0039397207769799,1.2714277386665345,1.2730692625045776,-1,0.0039397207769799,59.314404106041344,0.0039397207769799
2024-12-17,1.269035577774048,1.2720541954040527,1.2667688131332395,1.2695188522338867,0,1.2677232146263122,0.0049873435383696,1.2717458128929138,1.2721886396408082,-1,-0.0049873435383696,61.02045880044228,-0.0049873435383696
2024-12-18,1.2710840702056885,1.2723132371902466,1.2680377960205078,1.2708903551101685,0,1.2678047001361847,0.0016142119791737,1.2721114993095397,1.2710794687271119,1,-0.0016142119791737,53.72809014036235,-0.0016142119791737
2024-12-19,1.2567708492279053,1.2666244506835938,1.2526618242263794,1.2570394277572632,0,1.2673665225505828,-0.0112606406714443,1.2707770347595215,1.2700275699297587,1,-0.0112606406714443,38.65983052054405,-0.0112606406714443
2024-12-20,1.2497968673706057,1.25911283493042,1.2476201057434082,1.249750018119812,0,1.2669324159622193,-0.0055491276405593,1.2681633830070496,1.2684131582578024,-1,-0.0055491276405593,33.9397072785555,-0.0055491276405593
2024-12-23,1.256991982460022,1.2588117122650146,1.2510946989059448,1.2571974992752075,0,1.2668128967285155,0.0057570276236602,1.2663696169853211,1.2672560254732768,-1,-0.0057570276236602,43.31550129020072,-0.0057570276236602
2024-12-24,1.2534469366073608,1.257403016090393,1.2524266242980957,1.2533683776855469,0,1.266819965839386,-0.00282026130805,1.2642234563827515,1.266120978196462,-1,0.00282026130805,39.76055725618725,0.00282026130805
2024-12-25,1.2536041736602783,1.2813055515289309,1.240999698638916,1.2536041736602783,0,1.2666308164596558,0.0001254437250794,1.2617834448814391,1.2654438575108846,-1,-0.0001254437250794,37.441130440617144,-0.0001254437250794
2024-12-26,1.254374623298645,1.2549996376037598,1.2502655982971191,1.2543903589248655,0,1.2659613192081451,0.0006145876462082,1.2595575332641602,1.2649003346761067,-1,-0.0006145876462082,32.23811113948405,-0.0006145876462082
2024-12-27,1.2529758214950562,1.2591445446014404,1.2506722211837769,1.2529443502426147,0,1.26512610912323,-0.0011151387931545,1.2580818772315978,1.2644400318463644,-1,0.0011151387931545,32.029609448794176,0.0011151387931545
2024-12-30,1.257880687713623,1.2607479095458984,1.2508130073547363,1.257956624031067,0,1.264511948823929,0.0039145737167651,1.2575961589813232,1.2643105228741964,-1,-0.0039145737167651,37.093672972250054,-0.0039145737167651
2024-12-31,1.254909873008728,1.256818175315857,1.2514861822128296,1.254900336265564,0,1.2639647006988526,-0.0023617619174159,1.2561835885047912,1.2638766725858053,-1,0.0023617619174159,32.46228662886264,0.0023617619174159
2025-01-02,1.2519248723983765,1.2540757656097412,1.2360633611679075,1.2521003484725952,0,1.2631895840168,-0.0023786573638111,1.2542676687240601,1.2632923563321432,-1,0.0023786573638111,31.6853606942973,0.0023786573638111
2025-01-03,1.2380222082138062,1.2419891357421875,1.237884283065796,1.2380222082138062,0,1.2615849196910858,-0.0111050307339419,1.2523928046226502,1.262375283241272,-1,0.0111050307339419,29.498322696978093,0.0111050307339419
2025-01-06,1.2426837682724,1.2550673484802246,1.241896629333496,1.24251389503479,0,1.2599224388599397,0.0037653283015974,1.2516814947128296,1.261848775545756,-1,-0.0037653283015974,36.09766820709116,-0.0037653283015974
2025-01-07,1.2510946989059448,1.2576401233673096,1.2485017776489258,1.2510634660720823,0,1.2587306916713714,0.0067683596167333,1.251091766357422,1.2615725199381511,-1,-0.0067683596167333,37.91667670271589,-0.0067683596167333
2025-01-08,1.247785210609436,1.2494065761566162,1.2322555780410769,1.2476606369018557,0,1.2573745250701904,-0.0026452740143514,1.2505255937576294,1.2613885084788004,-1,0.0026452740143514,34.570123457959625,0.0026452740143514
2025-01-09,1.2359870672225952,1.236644268035889,1.224589705467224,1.2359411716461182,0,1.25527366399765,-0.0094552678510096,1.248763883113861,1.2606751720110576,-1,0.0094552678510096,35.76143147647545,0.0094552678510096
2025-01-10,1.2299367189407349,1.2321947813034058,1.2196757793426514,1.229906439781189,0,1.2529388129711152,-0.0048951550079372,1.24632009267807,1.2594142436981202,-1,0.0048951550079372,36.219802907258355,0.0048951550079372
2025-01-13,1.220494508743286,1.2207627296447754,1.2101263999938965,1.2204201221466064,0,1.2505769193172456,-0.0076769886222932,1.243071961402893,1.2577747265497843,-1,0.0076769886222932,25.44161504932316,0.0076769886222932
2025-01-14,1.2233314514160156,1.224289894104004,1.2141668796539309,1.2231218814849854,0,1.248606598377228,0.0023244206773618,1.2396170377731324,1.25621364514033,-1,-0.0023244206773618,29.54095986860979,-0.0023244206773618
2025-01-15,1.221344232559204,1.2306934595108032,1.216944694519043,1.2210757732391355,0,1.2462220311164856,-0.0016244320821731,1.23626047372818,1.254729958375295,-1,0.0016244320821731,28.615815458919002,0.0016244320821731
2025-01-16,1.2243348360061646,1.2248448133468628,1.217700481414795,1.2243348360061646,0,1.2438845694065097,0.002448616341925,1.2335014700889588,1.253293546040853,-1,-0.002448616341925,30.65682897023524,-0.002448616341925
2025-01-17,1.223690629005432,1.2244248390197754,1.2162491083145142,1.223466157913208,0,1.2422305583953857,-0.0005261689709278,1.2320683121681213,1.2517460505167644,-1,0.0005261689709278,30.957674073936303,0.0005261689709278
2025-01-20,1.2171002626419067,1.232392191886902,1.216663479804993,1.2175670862197876,0,1.2405957281589508,-0.0053856474890894,1.229509961605072,1.2497849464416504,-1,0.0053856474890894,24.051815813866142,0.0053856474890894
2025-01-21,1.233136773109436,1.2345222234725952,1.2231967449188232,1.2333194017410278,0,1.2394029676914216,0.0131759978694931,1.2277141690254212,1.248391850789388,-1,-0.0131759978694931,38.1211107411185,-0.0131759978694931
2025-01-22,1.2335399389266968,1.2375471591949463,1.23093581199646,1.234126091003418,0,1.2384076178073884,0.0003269433091708,1.2262896418571472,1.2470128973325094,-1,-0.0003269433091708,39.678849350711985,-0.0003269433091708
2025-01-23,1.231420874595642,1.235803723335266,1.2294225692749023,1.231569528579712,0,1.2372984528541564,-0.0017178724937746,1.2258330225944518,1.2454601168632506,-1,0.0017178724937746,45.72899280864076,0.0017178724937746
2025-01-24,1.2353914976119995,1.2495627403259275,1.2350252866744995,1.235467791557312,0,1.2363492965698242,0.0032244239952983,1.2263785004615784,1.2440853754679362,-1,-0.0032244239952983,45.23939970302673,-0.0032244239952983
2025-01-27,1.2459352016448977,1.2523951530456543,1.242714524269104,1.2459661960601809,0,1.2359972655773164,0.0085347066523275,1.2289225697517394,1.2433588027954101,-1,-0.0085347066523275,46.722988371723424,-0.0085347066523275
2025-01-28,1.2460592985153198,1.2465718984603882,1.2416189908981323,1.2454074621200562,0,1.2354061961174012,9.960138397135944e-05,1.2311953544616698,1.2428028504053752,-1,-9.960138397135944e-05,48.857574820248345,-9.960138397135944e-05
2025-01-29,1.244168043136597,1.2462767362594604,1.2394338846206665,1.2442607879638672,0,1.2348691046237943,-0.0015177892263847,1.233477735519409,1.2419739325841268,-1,0.0015177892263847,56.23261955836664,0.0015177892263847
2025-01-30,1.245530128479004,1.2475829124450684,1.2425910234451294,1.2455161809921265,0,1.2345493674278258,0.0010947760231594,1.235597264766693,1.2411221345265706,-1,-0.0010947760231594,62.79363638675402,-0.0010947760231594
2025-01-31,1.2423903942108154,1.2455471754074097,1.2388964891433716,1.2422515153884888,0,1.2347677767276763,-0.002520801541768,1.2374672412872314,1.240642786026001,-1,0.002520801541768,70.03665321261073,0.002520801541768
